Title,Size,Color,Date
BH Cool Designs Data Over Opinion - Men's Soft & Comfortable T-Shirt,Large,Black,2024-02-25
BH Cool Designs Data Over Opinion - Men's Soft & Comfortable T-Shirt,Large,Black,2024-02-25
BH Cool Designs Data Over Opinion - Men's Soft & Comfortable T-Shirt,Large,Black,2024-02-25
BH Cool Designs Data Over Opinion - Men's Soft & Comfortable T-Shirt,Large,Black,2024-02-25
Data Over Opinion - Men's Soft & Comfortable T-Shirt,Large,Black,2024-02-25
BH Cool Designs Data Over Opinion - Men's Soft & Comfortable T-Shirt,Large,Black,2024-02-25
BH Cool Designs Data Over Opinion - Men's Soft & Comfortable T-Shirt,Large,Black,2024-02-25
BH Cool Designs Data Over Opinion - Men's Soft & Comfortable T-Shirt,Large,Black,2024-02-25
Data Over Opinion - Men's Soft & Comfortable T-Shirt,Large,Black,2024-02-25
Data Over Opinion - Men's Soft & Comfortable T-Shirt,Large,Black,2024-02-25
